{"da-links":[[0.9376325245971573,0.985582296230916,0.7169451161655158,0.2797438150685283,3.0901920422230376,0.8735658791465712,3.0453553564204636,3.0788560662601823],[0.6485957933056332,0.798935364841357,0.5594272480140764,0.3177480218761244,3.03668148606583,0.7988629594539844,3.0006343500616808,3.0386175343768365],[0.6338698300971223,0.8634962428703499,0.579676123493122,0.2793276093611862,3.0532206956399595,0.9400974436275504,2.990315361389861,3.0320018946664447],[0.9387525412070897,1.3741405312110837,1.0551252396852964,1.0640848939078291,3.040615333616193,0.838458331689226,3.0100064513348777,2.906181969201113],[0.929378107856825,0.8971296410970622,0.45230152935185985,0.05233013125551457,3.107776237690091,1.8327766100431087,3.1004039572474174,2.9798207832283534]],"da-rechts":[[1.4430339388971862,0.9082558253762107,0.23300176409540066,0.4272733185142261,0.939608693715613,2.926795729518742,3.019299951990102,3.0830883785703045],[1.3236090065680506,0.9063970886430428,0.20800813884184782,0.3990485188213255,0.670835241365428,2.936206063764859,3.0820367688533716,3.08093356657142],[1.342477971970874,0.899125399657614,0.22546424825719785,0.3924477850916903,0.9066319993644858,2.9605790960954343,3.031832470278934,3.094589390716224],[1.4574866341504362,0.903566405934076,0.3624908221359089,0.41013717776138864,0.8682640941198536,2.9563652631697526,3.030982981523181,3.092573187321289],[1.3082317240675525,0.8975255414419736,0.23801434145519484,0.42078479202379276,0.8818508818953366,2.9515613999689414,3.027248014585674,3.088789941249362],[1.3659844827040537,0.8547928226736281,0.4717412290093854,0.6448426124530828,0.7556048300476688,2.988834263483374,3.123694151758926,3.0261996485585776]],"yippie-rechts":[[2.985747247059783,2.554315606929085,0.2620063129838067,2.8063623581889834,0.7819780696998422,3.1301548183260146,3.092152821512266,3.0252752444065716],[2.9758129637261317,2.587453295024803,0.2702549879683099,2.845998642189143,0.900831170498262,3.128846453480111,3.0989321779515238,3.0855351183654505],[2.9774354468574824,2.6354743277887303,0.268919553759473,2.84520803404857,0.8945153876867928,3.1314491207228867,3.110804562350393,3.0700078002623075]],"yippie-links":[[2.468090061626439,2.4798747350263706,2.762679586911089,0.16175514684626516,3.131659287185458,0.8322587825967446,3.131370800421365,2.905263557421276],[2.8181425601780097,2.9438873631870384,3.0104658969349196,0.2603000225339826,3.1247549167014954,0.6096077204115673,3.078533209744421,2.9292552191450367],[2.8174133197042415,2.923204499932514,3.001181880014184,0.263817424827388,3.1307609703641957,0.595064352483536,3.072471163723953,2.9438496788459902],[2.600908820605622,1.940583505787147,2.70065589872324,0.40935099561765104,3.069459947482041,1.1757551681718121,3.069281980806587,3.0993719666195867],[2.565454038276188,3.1163080040540545,2.7074212584359483,0.576948973910955,3.0891759024726775,1.3724893351518992,3.068836933656476,3.1169821732182887]],"suchen-rechts":[[3.003151197032408,1.4578973116588148,0.2460405524224869,2.346698025698201,3.0899890145153326,3.111221996887023,3.026675236748595,3.081328613446825],[3.005779832140554,1.4884204064002524,0.24328192460357118,2.3479070303584724,3.0998504729651186,3.099957290998259,3.0347945600340425,3.0847674847907425],[2.9316567461673433,1.3199802768165436,0.182457728791766,1.5886804088450717,3.0935072193971265,3.105470423806971,2.817815755930379,3.0162364057816893]],"suchen-links":[[1.5603433701784306,3.0658694187170332,2.4949937831761027,0.23832423831188226,3.1262023468887246,3.1299726558574044,3.053582704635326,3.038689004353167],[1.5507569190901287,3.0764838100379643,2.462798011300917,0.2362143727483583,3.1262912629717166,3.1333421975562583,3.054959744420684,3.0284830976511814],[1.233010500853429,2.9681928484443465,1.9233964817583948,0.33415594112114855,3.1083848497579893,3.0710368239450903,2.9912442114087967,2.8830728557149454]],"knie-links":[[1.4545404803622175,2.5661357232073443,1.6657014293113357,0.7039418278933951,1.1900784419999428,1.148352022431977,1.5710190780601228,3.1066778311364494],[1.4481285644814195,2.557630052418701,1.6896250815682388,0.7020238013733165,1.1950378167817743,1.136834608371999,1.5537419598560998,3.0984030866913206],[1.4199340752008573,2.5611310007974506,1.6822663397336217,0.6945119526979386,1.170715953527555,1.149942366114392,1.5299265523721888,3.1002851416592527],[2.0225641404297976,2.4843610853096143,2.209799634731871,0.5751205572513567,1.5196985604693973,0.9365662398788633,1.8878861234825792,3.124472528424739],[1.2952654575908553,2.760660503857791,0.5894860273313542,0.4213929350592689,1.2966593000200721,1.0556085818749823,1.3619611372972893,3.053704663047829]],"knie-rechts":[[2.4906015162732884,1.6785053457005819,0.7123075434845579,1.7142126496062697,1.6457857787059096,1.3444050802568355,3.1209803081475993,1.5784194898690052],[2.5133760415283692,1.6353752587643915,0.6887090870462901,1.6623634550497959,1.678110517304879,1.3612308011964995,3.11744062417959,1.6156485439625465],[2.5325051938241874,1.6615169120952995,0.6759647861473173,1.7303917541028642,1.6174097065276571,1.3704836179469218,3.1235552860165434,1.5954632347748923],[2.8406560111511854,2.05545650605523,0.3265642488369996,2.2641129641942106,1.646195212284826,1.204101171705195,3.0565473118590463,1.5630245503656963]],"sprung":[[2.7458417725990443,2.626024139438811,2.9994316262491525,2.8955391505289034,3.132754866846213,3.103782867145789,3.069889183692853,3.038679829017779],[2.6986329033374137,2.63087485689453,2.952990820264206,2.8682465305971525,3.132305510567874,3.0837438018484495,3.063866891192766,3.0272945520618713],[2.276204286681561,2.324862596404599,2.510630997039736,2.5601558474407136,3.1197756123790126,3.093054548287742,3.056790267014164,3.0027345739190645]],"ballett":[[3.0598374072213725,3.0101889888094835,1.8066035334226,1.6917029449751722,2.416749319654902,2.426532337522249,2.6669523168610008,2.823710189704979],[3.050189991833102,2.987561274156674,1.807471487538833,1.6794130571948378,2.416629563370453,2.4184765957160335,2.66823353762636,2.8091552965090942],[3.067276178557274,2.9900158348090202,1.8062359680613256,1.7922146964473797,2.4290940620811723,2.3864961095321937,2.7090430466976394,2.75679852500883]],"ballett-o":[[2.073365837861981,2.1304930472987316,2.6751019874232846,2.6223639528122726,2.448885194897601,2.3398367590233655,2.829893148872619,2.74649556571744],[2.0557911561254696,2.103511152051376,2.67495698707058,2.6003589638096303,2.4549638611970748,2.3020508563364515,2.8471892143402364,2.7442780511767824]],"pistole-links":[[1.69417424470048,1.9767650045013032,0.6878092121372826,0.7635317060632509,3.1021953040921844,3.0004065834120675,2.834036745445722,3.078913844561541],[1.6945170731093373,1.9869261488396341,0.690720011765701,0.7561157268242354,3.110357658678347,3.0088819252639962,2.835981913074262,3.073117320048982],[2.0009561545499004,1.9051628408641812,0.9758057503985511,0.80524248673782,3.1264873267250706,2.9356128257067517,2.8359151807560883,3.1327562214559355],[2.1540326118372657,1.7235786418044927,0.5848712995008944,0.24400372146645974,2.957427689008366,3.098985517126196,3.1167576649456272,2.8468195927299176]],"zickzack":[[3.0953397595084793,3.0763366058458956,0.17564371904096315,0.25497768725395803,2.20919644989016,2.263171085139132,2.531744783682594,2.459309795279155],[2.9989752537307424,3.0120569105042216,0.1757709296233416,0.19592336363556664,2.697887879847165,2.7382398032711444,2.8085616314990887,2.800403393399295],[2.6542733896838078,2.635585856329473,0.024099189643429633,0.04928217242239705,2.3910833225185746,2.315649248853022,2.7187568596943428,2.5156838519708415],[2.6003898994568826,2.584742611307577,0.13587304670271053,0.22201281663018324,2.771223193879309,2.5211578152063705,3.1025947655170456,2.409708060043109]]}